{
    "baseline": {
        "precision": 0.7732558139534884,
        "recall": 0.16091954022988506,
        "auc_roc": 0.8367712257400353,
        "auc_pr": 0.366748079567737
    },
    "best_model": {
        "precision": 0.3278448591291621,
        "recall": 0.8130671506352087,
        "auc_roc": 0.9496853066609235,
        "auc_pr": 0.6961131505880628
    }
}